{
    "version": 119,
    "GeneralData": {
        "disableBaseDamage": 0,
        "disableContainerDamage": 0,
        "disableRespawnDialog": 0
    },
    "PlayerData": {
        "StaminaData": {
            "staminaWeightLimitThreshold": 6000.0,
            "staminaMax": 100.0,
            "staminaKgToStaminaPercentPenalty": 1.75,
            "staminaMinCap": 5.0,
            "sprintStaminaModifierErc": 1.0,
            "sprintStaminaModifierCro": 1.0
        },
        "ShockHandlingData": {
            "shockRefillSpeedConscious": 5.0,
            "shockRefillSpeedUnconscious": 1.0,
            "allowRefillSpeedModifier": 1
        },
        "MovementData": {
            "timeToStrafeJog": 0.10000000149011612,
            "rotationSpeedJog": 0.30000001192092898,
            "timeToSprint": 0.44999998807907107,
            "timeToStrafeSprint": 0.30000001192092898,
            "rotationSpeedSprint": 0.15000000596046449
        },
        "DrowningData": {
            "staminaDepletionSpeed": 10.0,
            "healthDepletionSpeed": 10.0,
            "shockDepletionSpeed": 10.0
        },
        "disablePersonalLight": 0,
        "disable2dMap": 0
    },
    "WorldsData": {
        "lightingConfig": 1,
        "objectSpawnersArr": [],
        "environmentMinTemps": [
            -7.0,
            -7.400000095367432,
            -4.099999904632568,
            1.5,
            7.0,
            11.300000190734864,
            13.399999618530274,
            13.100000381469727,
            9.300000190734864,
            5.300000190734863,
            0.800000011920929,
            -3.5999999046325685
        ],
        "environmentMaxTemps": [
            -2.5,
            -2.0999999046325685,
            2.299999952316284,
            9.0,
            15.5,
            19.399999618530275,
            20.899999618530275,
            20.399999618530275,
            16.0,
            10.5,
            4.199999809265137,
            0.10000000149011612
        ]
    },
    "BaseBuildingData": {
        "HologramData": {
            "disableIsCollidingBBoxCheck": 0,
            "disableIsCollidingPlayerCheck": 0,
            "disableIsClippingRoofCheck": 0,
            "disableIsBaseViableCheck": 0,
            "disableIsCollidingGPlotCheck": 0,
            "disableIsCollidingAngleCheck": 0,
            "disableIsPlacementPermittedCheck": 0,
            "disableHeightPlacementCheck": 0,
            "disableIsUnderwaterCheck": 0,
            "disableIsInTerrainCheck": 0
        },
        "ConstructionData": {
            "disablePerformRoofCheck": 0,
            "disableIsCollidingCheck": 0,
            "disableDistanceCheck": 0
        }
    },
    "UIData": {
        "HitIndicationData": {
            "hitDirectionOverrideEnabled": 0,
            "hitDirectionBehaviour": 1,
            "hitDirectionStyle": 0,
            "hitDirectionIndicatorColorStr": "0xffbb0a1e",
            "hitDirectionMaxDuration": 2.0,
            "hitDirectionBreakPointRelative": 0.20000000298023225,
            "hitDirectionScatter": 10.0,
            "hitIndicationPostProcessEnabled": 1
        },
        "use3DMap": 0
    },
    "MapData": {
        "ignoreMapOwnership": 0,
        "ignoreNavItemsOwnership": 0,
        "displayPlayerPosition": 0,
        "displayNavInfo": 1
    }
}